mutation,cytokine,group1,group2,p.adj
pAKT,CCL2,C ,A ,0.06796348224026806
pAKT,CCL2,L ,A ,0.0966865774060138
pAKT,CCL2,L ,C ,0.5334165134726944
