condition,dog_1,dog_2,dog_3
kd,0.335571614,0.152135367,0.045340673
ng,0.08795831,0.189529591,0.420898574
,,,
