Cytokine,Estimate,SE,95% CI,t,p-value,Adj. p,Marginal R²,Conditional R²,Shapiro p,Transformation
ccl2,0.0030087177820073063,0.04018389759431826,"[-0.076, 0.082]",0.07487371713869587,0.941,0.941,1.2774389065119326e-5,0.8313784527163774,0.048,log(x+1)
il.10,0.13135221513373624,0.12674821406835757,"[-0.117, 0.380]",1.0363239916177096,0.304,0.654,0.009354415710667781,0.3554490084775079,<0.001,log(x+1)
il.8,1388.8036620474904,1126.3461769215903,"[-818.794, 3596.402]",1.2330167141359871,0.222,0.654,0.01639637113459474,0.20192899534423994,0.066,raw
kc.like,9.130273083374918,21.016360684566173,"[-32.061, 50.322]",0.43443644788985447,0.665,0.776,0.0023126511157072205,0.0932463091179543,<0.001,raw
tgf.b,-0.052418924194797295,0.05990969889046708,"[-0.170, 0.065]",-0.8749655759518142,0.385,0.654,0.0018179822568875799,0.824272623040127,0.008,log(x+1)
tnf.a,0.09445706093747333,0.12914949428391398,"[-0.159, 0.348]",0.7313777065965507,0.467,0.654,0.0051807889967580645,0.2832888056158975,0.233,log(x+1)
vegf,-0.09929699474377547,0.053699094366041845,"[-0.205, 0.006]",-1.8491372324999351,0.069,0.480,0.018636833489754215,0.5966653268111353,0.151,log(x+1)
