High MVB12A,Low MVB12A
17.72325013,5.775468997
7.013631326,3.215865375
14.35783605,5.84061176
16.94935952,9.957062762
