cytokine,treatment,donor_1_modz,donor_2_modz,donor_3_modz
vegf,Ctrl,2.4849847960805813,-0.2770508923487758,-0.07141696499379659
il.8,Ctrl,-1.908891364902507,-0.5186559888579387,0.17522562674094708
kc.like,Ctrl,-3.256047168674698,-1.8955887951807229,-0.5563406024096388
il.10,Ctrl,-0.7750073568753344,-0.47974068129124314,-0.6199457374710183
ccl2,Ctrl,-1.1108843606489966,1.0910991521868032,-0.04863965437354002
tnf.a,Ctrl,-0.673432753164557,-0.6826822257383967,-0.6745
tgf.b,Ctrl,-0.826084543555395,-0.6850804987821367,0.0781906639519986
