Name,Length,EffectiveLength,TPM,NumReads,Sample
ENSCAFT00000028854,1034,843.716,0,0,DRR345986_quant
ENSCAFT00000028854,1034,826.629,67.185327,175.021,DRR345987_quant
ENSCAFT00000028854,1034,821.648,51.2337,163.008,DRR345988_quant
ENSCAFT00000028854,1034,847.072,116.467917,563.799,DRR345989_quant
